{"cameraMode":{"drawMode":0,"name":"Shaded","section":"Shading Mode"},"sceneLighting":false,"audioPlay":false,"sceneViewState":{"m_AlwaysRefresh":false,"showFog":true,"showSkybox":true,"showFlares":true,"showImageEffects":true,"showParticleSystems":true,"showVisualEffectGraphs":true,"m_FxEnabled":true},"in2DMode":false,"pivot":{"x":20.924707412719728,"y":0.4999998211860657,"z":5.639125347137451},"rotation":{"x":-0.0010619221720844508,"y":0.7060498595237732,"z":0.0010593534680083395,"w":0.708171010017395},"size":1.1096174716949463,"orthographic":true}