{"cameraMode":{"drawMode":0,"name":"Shaded","section":"Shading Mode"},"sceneLighting":false,"audioPlay":false,"sceneViewState":{"m_AlwaysRefresh":false,"showFog":true,"showSkybox":true,"showFlares":true,"showImageEffects":true,"showParticleSystems":true,"showVisualEffectGraphs":true,"m_FxEnabled":true},"in2DMode":false,"pivot":{"x":21.17486000061035,"y":0.35443758964538576,"z":5.747262477874756},"rotation":{"x":-0.0010619221720844508,"y":0.7060498595237732,"z":0.0010593534680083395,"w":0.708171010017395},"size":1.254982829093933,"orthographic":true}